{
  "rel": {
    "idx_to_token": [
      "nn",
      "conj",
      "cc",
      "nsubj",
      "root",
      "dep",
      "punct",
      "lobj",
      "loc",
      "comod",
      "asp",
      "rcmod",
      "etc",
      "dobj",
      "cpm",
      "nummod",
      "clf",
      "assmod",
      "assm",
      "amod",
      "top",
      "attr",
      "advmod",
      "tmod",
      "neg",
      "prep",
      "pobj",
      "cop",
      "dvpmod",
      "dvpm",
      "lccomp",
      "plmod",
      "det",
      "pass",
      "ordmod",
      "pccomp",
      "range",
      "ccomp",
      "xsubj",
      "mmod",
      "prnmod",
      "rcomp",
      "vmod",
      "prtmod",
      "ba",
      "nsubjpass"
    ],
    "pad_token": null,
    "unk_token": "nn",
    "mutable": false
  }
}